Designator,Mid X,Mid Y,Rotation,Layer
BUZZER1,27.639626,-7.402273,90.0,bottom
C1,2.214642,-2.202273,0.0,bottom
C10,5.439627,9.417728,90.0,bottom
C12,5.539642,20.495545,270.0,bottom
C13,-1.460358,20.397727,270.0,bottom
C15,-4.430374,17.987727,0.0,bottom
C16,-4.540374,10.895545,0.0,bottom
C17,-2.970874,9.417727,270.0,bottom
C18,-1.970874,9.417727,270.0,bottom
C19,-14.160358,3.280545,180.0,bottom
C2,7.046228,18.604642,270.0,bottom
C22,17.439626,5.597727,180.0,bottom
C24,20.557494,5.508507,0.0,bottom
C25,16.645566,-2.076802,0.0,bottom
C26,16.645566,-3.026802,0.0,bottom
C27,16.445566,-15.326802,0.0,bottom
C28,21.545566,-15.326802,180.0,bottom
C29,12.595566,-22.726802,315.0,bottom
C3,4.239626,7.106235,0.0,bottom
C30,11.945566,-24.026802,225.0,bottom
C32,2.481088,0.543838,90.0,bottom
C33,-5.6,1.795545,270.0,bottom
C34,7.25,-6.969419,90.0,bottom
C35,3.25,-6.969419,270.0,bottom
C37,-2.75,-6.969419,270.0,bottom
C38,-0.75,-4.826802,270.0,bottom
C39,1.25,-6.969419,270.0,bottom
C4,1.339626,7.106235,180.0,bottom
C40,5.25,-6.969419,270.0,bottom
C41,9.5,-6.969419,270.0,bottom
C42,-0.288623,27.454403,135.0,bottom
C43,-1.702836,26.040189,135.0,bottom
C44,6.639626,16.824642,180.0,bottom
C45,18.05,-6.35,270.0,bottom
C47,17.6,-7.776802,0.0,bottom
C48,18.045566,-9.176802,270.0,bottom
C49,17.6,-12.426802,0.0,bottom
C5,2.625566,23.141183,180.0,bottom
C50,19.945566,-3.676802,90.0,bottom
C51,18.995566,-3.65,90.0,bottom
C53,13.832493,-1.876802,0.0,bottom
C54,-17.987999,-10.075999,90.0,bottom
C55,-16.636999,-9.475,90.0,bottom
C56,-15.304434,-10.026802,270.0,bottom
C57,-9.860358,5.520545,270.0,bottom
C58,-4.640358,14.995545,0.0,bottom
C6,7.046228,20.504642,90.0,bottom
C60,10.639642,-13.284455,270.0,bottom
C61,12.045566,-13.324455,270.0,bottom
C62,-17.889547,-16.204455,90.0,bottom
C63,-15.860342,-16.484455,90.0,bottom
C64,-13.760358,-16.824455,90.0,bottom
C66,-20.660374,17.957626,270.0,bottom
C67,-21.650324,15.977727,270.0,bottom
C68,-15.365592,17.839772,270.0,bottom
C69,-22.160729,-16.824455,90.0,bottom
C7,2.625565,20.095598,180.0,bottom
C70,-19.960358,-16.484455,90.0,bottom
C72,4.039626,3.495545,90.0,bottom
C73,7.060544,13.924642,0.0,bottom
C74,6.639642,12.475545,270.0,bottom
C8,6.439626,9.417727,270.0,bottom
C9,-18.060358,3.280545,0.0,bottom
D3,-3.1,-1.604455,270.0,bottom
D4,6.638935,-2.503748,180.0,bottom
D5,-3.1,1.895545,270.0,bottom
D6,-21.610358,10.570308,0.0,bottom
D7,-20.510358,-9.5,0.0,bottom
D8,-5.600707,-1.604455,90.0,bottom
FPC1,-0.004434,-13.751802,0.0,bottom
J1,-28.007519,-1.795103,90.0,bottom
J4,27.539626,1.557727,0.0,bottom
L1,-16.160358,-0.69518,0.0,bottom
L10,18.045566,-11.026802,270.0,bottom
L11,18.05,-2.55,270.0,bottom
L12,19.495566,-2.25,0.0,bottom
L14,9.055544,13.924642,180.0,bottom
L2,2.161555,21.600545,270.0,bottom
L3,8.839642,11.097727,0.0,bottom
L5,17.452361,7.097727,180.0,bottom
L6,17.6,-4.0,180.0,bottom
L7,17.095566,-6.35,270.0,bottom
L8,10.6,-24.75,315.0,bottom
L9,-9.0,-0.4,270.0,bottom
LED1,20.191831,16.783197,270.0,top
Q1,-21.760374,7.573198,90.0,bottom
Q2,-10.0,-7.5,90.0,bottom
Q3,5.139642,0.295545,0.0,bottom
R1,-29.027517,4.197727,180.0,bottom
R10,21.545566,-14.376802,0.0,bottom
R11,-7.0,-6.969419,270.0,bottom
R12,-12.260374,-6.95942,270.0,bottom
R14,-21.650324,17.957625,90.0,bottom
R15,2.541902,3.935001,90.0,bottom
R16,-20.660374,15.977727,90.0,bottom
R17,8.945566,25.173198,315.0,bottom
R18,-16.929189,-16.204455,90.0,bottom
R19,10.642705,-15.291492,90.0,bottom
R2,-29.027517,5.297727,180.0,bottom
R20,-12.964434,7.273198,90.0,bottom
R21,12.142705,-15.291492,90.0,bottom
R22,-14.860358,-16.494455,90.0,bottom
R23,-21.100371,-16.852182,90.0,bottom
R25,-17.524001,-4.175,0.0,bottom
R26,-15.238,-4.175,180.0,bottom
R27,-12.821899,-16.852182,90.0,bottom
R28,-18.960358,-16.494455,90.0,bottom
R29,-0.454434,20.447727,270.0,bottom
R3,-4.560358,12.895545,0.0,bottom
R30,0.545566,20.447727,270.0,bottom
R31,14.342705,-20.991492,315.0,bottom
R32,18.495566,-16.876802,315.0,bottom
R34,-4.754434,5.185546,270.0,bottom
R35,-6.160358,5.185546,270.0,bottom
R39,0.739626,1.007726,270.0,bottom
R4,-4.560358,11.895545,0.0,bottom
R40,4.239642,-2.394456,90.0,bottom
R41,7.539642,-0.304455,270.0,bottom
R42,8.930545,16.824642,180.0,bottom
R43,8.930544,15.624642,180.0,bottom
R44,-16.660358,7.285546,270.0,bottom
R45,-15.360358,7.285546,270.0,bottom
R46,-14.160358,7.285546,90.0,bottom
R5,-25.460374,4.697727,0.0,bottom
R6,20.318831,16.773198,90.0,bottom
R7,19.218831,16.773197,270.0,bottom
R8,21.418834,16.773197,270.0,bottom
R9,16.445566,-14.376802,180.0,bottom
RF1,16.605912,-18.754091,45.0,bottom
RF3,6.305566,24.773198,90.0,bottom
SW1,27.439626,-16.202273,90.0,bottom
SW3,-22.954434,17.873198,70.0,top
SW4,-16.510374,-23.502273,315.0,top
SW6,14.5,-23.912812,45.0,top
SW8,22.5,-16.0,225.0,top
U1,-27.360374,-12.177273,0.0,bottom
U10,-16.235358,5.195545,270.0,bottom
U2,18.995566,-14.376802,180.0,bottom
U3,19.489995,1.708507,90.0,bottom
U4,-16.807,-6.592,270.0,bottom
U5,-10.384252,17.224642,270.0,bottom
U6,1.089626,14.977727,0.0,bottom
U7,-20.691934,1.223198,180.0,bottom
U8,26.039626,14.397727,252.0,bottom
U9,20.704981,12.697727,270.0,bottom
X1,9.096228,19.730537,90.0,bottom
X2,12.825567,2.131458,90.0,bottom
X3,2.808921,8.806235,180.0,bottom
